date,year,month,dayofmonth,dayofweek,dayofyear,weekofyear,quarter,is_month_start,is_month_end,is_quarter_start,is_quarter_end,is_year_start,is_year_end,year_weekofyear
365,1,1,1,2,1,1,1,True,False,True,False,True,False,101
366,1,1,2,3,2,1,1,False,False,False,False,False,False,101
367,1,1,3,4,3,1,1,False,False,False,False,False,False,101
368,1,1,4,5,4,1,1,False,False,False,False,False,False,101
369,1,1,5,6,5,1,1,False,False,False,False,False,False,101
370,1,1,6,0,6,2,1,False,False,False,False,False,False,102
371,1,1,7,1,7,2,1,False,False,False,False,False,False,102
372,1,1,8,2,8,2,1,False,False,False,False,False,False,102
373,1,1,9,3,9,2,1,False,False,False,False,False,False,102
374,1,1,10,4,10,2,1,False,False,False,False,False,False,102
375,1,1,11,5,11,2,1,False,False,False,False,False,False,102
376,1,1,12,6,12,2,1,False,False,False,False,False,False,102
377,1,1,13,0,13,3,1,False,False,False,False,False,False,103
378,1,1,14,1,14,3,1,False,False,False,False,False,False,103
379,1,1,15,2,15,3,1,False,False,False,False,False,False,103
380,1,1,16,3,16,3,1,False,False,False,False,False,False,103
381,1,1,17,4,17,3,1,False,False,False,False,False,False,103
382,1,1,18,5,18,3,1,False,False,False,False,False,False,103
383,1,1,19,6,19,3,1,False,False,False,False,False,False,103
384,1,1,20,0,20,4,1,False,False,False,False,False,False,104
385,1,1,21,1,21,4,1,False,False,False,False,False,False,104
386,1,1,22,2,22,4,1,False,False,False,False,False,False,104
387,1,1,23,3,23,4,1,False,False,False,False,False,False,104
388,1,1,24,4,24,4,1,False,False,False,False,False,False,104
389,1,1,25,5,25,4,1,False,False,False,False,False,False,104
390,1,1,26,6,26,4,1,False,False,False,False,False,False,104
391,1,1,27,0,27,5,1,False,False,False,False,False,False,105
392,1,1,28,1,28,5,1,False,False,False,False,False,False,105
393,1,1,29,2,29,5,1,False,False,False,False,False,False,105
394,1,1,30,3,30,5,1,False,False,False,False,False,False,105
395,1,1,31,4,31,5,1,False,True,False,False,False,False,105
396,1,2,1,5,32,5,1,True,False,False,False,False,False,105
397,1,2,2,6,33,5,1,False,False,False,False,False,False,105
398,1,2,3,0,34,6,1,False,False,False,False,False,False,106
399,1,2,4,1,35,6,1,False,False,False,False,False,False,106
400,1,2,5,2,36,6,1,False,False,False,False,False,False,106
401,1,2,6,3,37,6,1,False,False,False,False,False,False,106
402,1,2,7,4,38,6,1,False,False,False,False,False,False,106
403,1,2,8,5,39,6,1,False,False,False,False,False,False,106
404,1,2,9,6,40,6,1,False,False,False,False,False,False,106
405,1,2,10,0,41,7,1,False,False,False,False,False,False,107
406,1,2,11,1,42,7,1,False,False,False,False,False,False,107
407,1,2,12,2,43,7,1,False,False,False,False,False,False,107
408,1,2,13,3,44,7,1,False,False,False,False,False,False,107
409,1,2,14,4,45,7,1,False,False,False,False,False,False,107
410,1,2,15,5,46,7,1,False,False,False,False,False,False,107
411,1,2,16,6,47,7,1,False,False,False,False,False,False,107
412,1,2,17,0,48,8,1,False,False,False,False,False,False,108
413,1,2,18,1,49,8,1,False,False,False,False,False,False,108
414,1,2,19,2,50,8,1,False,False,False,False,False,False,108
415,1,2,20,3,51,8,1,False,False,False,False,False,False,108
416,1,2,21,4,52,8,1,False,False,False,False,False,False,108
417,1,2,22,5,53,8,1,False,False,False,False,False,False,108
418,1,2,23,6,54,8,1,False,False,False,False,False,False,108
419,1,2,24,0,55,9,1,False,False,False,False,False,False,109
420,1,2,25,1,56,9,1,False,False,False,False,False,False,109
421,1,2,26,2,57,9,1,False,False,False,False,False,False,109
422,1,2,27,3,58,9,1,False,False,False,False,False,False,109
423,1,2,28,4,59,9,1,False,True,False,False,False,False,109
424,1,3,1,5,60,9,1,True,False,False,False,False,False,109
425,1,3,2,6,61,9,1,False,False,False,False,False,False,109
426,1,3,3,0,62,10,1,False,False,False,False,False,False,110
427,1,3,4,1,63,10,1,False,False,False,False,False,False,110
428,1,3,5,2,64,10,1,False,False,False,False,False,False,110
429,1,3,6,3,65,10,1,False,False,False,False,False,False,110
430,1,3,7,4,66,10,1,False,False,False,False,False,False,110
431,1,3,8,5,67,10,1,False,False,False,False,False,False,110
432,1,3,9,6,68,10,1,False,False,False,False,False,False,110
433,1,3,10,0,69,11,1,False,False,False,False,False,False,111
434,1,3,11,1,70,11,1,False,False,False,False,False,False,111
435,1,3,12,2,71,11,1,False,False,False,False,False,False,111
436,1,3,13,3,72,11,1,False,False,False,False,False,False,111
437,1,3,14,4,73,11,1,False,False,False,False,False,False,111
438,1,3,15,5,74,11,1,False,False,False,False,False,False,111
439,1,3,16,6,75,11,1,False,False,False,False,False,False,111
440,1,3,17,0,76,12,1,False,False,False,False,False,False,112
441,1,3,18,1,77,12,1,False,False,False,False,False,False,112
442,1,3,19,2,78,12,1,False,False,False,False,False,False,112
443,1,3,20,3,79,12,1,False,False,False,False,False,False,112
444,1,3,21,4,80,12,1,False,False,False,False,False,False,112
445,1,3,22,5,81,12,1,False,False,False,False,False,False,112
446,1,3,23,6,82,12,1,False,False,False,False,False,False,112
447,1,3,24,0,83,13,1,False,False,False,False,False,False,113
448,1,3,25,1,84,13,1,False,False,False,False,False,False,113
449,1,3,26,2,85,13,1,False,False,False,False,False,False,113
450,1,3,27,3,86,13,1,False,False,False,False,False,False,113
451,1,3,28,4,87,13,1,False,False,False,False,False,False,113
452,1,3,29,5,88,13,1,False,False,False,False,False,False,113
453,1,3,30,6,89,13,1,False,False,False,False,False,False,113
454,1,3,31,0,90,14,1,False,True,False,True,False,False,114
455,1,4,1,1,91,14,2,True,False,True,False,False,False,114
456,1,4,2,2,92,14,2,False,False,False,False,False,False,114
457,1,4,3,3,93,14,2,False,False,False,False,False,False,114
458,1,4,4,4,94,14,2,False,False,False,False,False,False,114
459,1,4,5,5,95,14,2,False,False,False,False,False,False,114
460,1,4,6,6,96,14,2,False,False,False,False,False,False,114
461,1,4,7,0,97,15,2,False,False,False,False,False,False,115
462,1,4,8,1,98,15,2,False,False,False,False,False,False,115
463,1,4,9,2,99,15,2,False,False,False,False,False,False,115
464,1,4,10,3,100,15,2,False,False,False,False,False,False,115
465,1,4,11,4,101,15,2,False,False,False,False,False,False,115
466,1,4,12,5,102,15,2,False,False,False,False,False,False,115
467,1,4,13,6,103,15,2,False,False,False,False,False,False,115
468,1,4,14,0,104,16,2,False,False,False,False,False,False,116
469,1,4,15,1,105,16,2,False,False,False,False,False,False,116
470,1,4,16,2,106,16,2,False,False,False,False,False,False,116
471,1,4,17,3,107,16,2,False,False,False,False,False,False,116
472,1,4,18,4,108,16,2,False,False,False,False,False,False,116
473,1,4,19,5,109,16,2,False,False,False,False,False,False,116
474,1,4,20,6,110,16,2,False,False,False,False,False,False,116
475,1,4,21,0,111,17,2,False,False,False,False,False,False,117
476,1,4,22,1,112,17,2,False,False,False,False,False,False,117
477,1,4,23,2,113,17,2,False,False,False,False,False,False,117
478,1,4,24,3,114,17,2,False,False,False,False,False,False,117
479,1,4,25,4,115,17,2,False,False,False,False,False,False,117
480,1,4,26,5,116,17,2,False,False,False,False,False,False,117
481,1,4,27,6,117,17,2,False,False,False,False,False,False,117
482,1,4,28,0,118,18,2,False,False,False,False,False,False,118
483,1,4,29,1,119,18,2,False,False,False,False,False,False,118
484,1,4,30,2,120,18,2,False,True,False,False,False,False,118
485,1,5,1,3,121,18,2,True,False,False,False,False,False,118
486,1,5,2,4,122,18,2,False,False,False,False,False,False,118
487,1,5,3,5,123,18,2,False,False,False,False,False,False,118
488,1,5,4,6,124,18,2,False,False,False,False,False,False,118
489,1,5,5,0,125,19,2,False,False,False,False,False,False,119
490,1,5,6,1,126,19,2,False,False,False,False,False,False,119
491,1,5,7,2,127,19,2,False,False,False,False,False,False,119
492,1,5,8,3,128,19,2,False,False,False,False,False,False,119
493,1,5,9,4,129,19,2,False,False,False,False,False,False,119
494,1,5,10,5,130,19,2,False,False,False,False,False,False,119
495,1,5,11,6,131,19,2,False,False,False,False,False,False,119
496,1,5,12,0,132,20,2,False,False,False,False,False,False,120
497,1,5,13,1,133,20,2,False,False,False,False,False,False,120
498,1,5,14,2,134,20,2,False,False,False,False,False,False,120
499,1,5,15,3,135,20,2,False,False,False,False,False,False,120
500,1,5,16,4,136,20,2,False,False,False,False,False,False,120
501,1,5,17,5,137,20,2,False,False,False,False,False,False,120
502,1,5,18,6,138,20,2,False,False,False,False,False,False,120
503,1,5,19,0,139,21,2,False,False,False,False,False,False,121
504,1,5,20,1,140,21,2,False,False,False,False,False,False,121
505,1,5,21,2,141,21,2,False,False,False,False,False,False,121
506,1,5,22,3,142,21,2,False,False,False,False,False,False,121
507,1,5,23,4,143,21,2,False,False,False,False,False,False,121
508,1,5,24,5,144,21,2,False,False,False,False,False,False,121
509,1,5,25,6,145,21,2,False,False,False,False,False,False,121
510,1,5,26,0,146,22,2,False,False,False,False,False,False,122
511,1,5,27,1,147,22,2,False,False,False,False,False,False,122
512,1,5,28,2,148,22,2,False,False,False,False,False,False,122
513,1,5,29,3,149,22,2,False,False,False,False,False,False,122
514,1,5,30,4,150,22,2,False,False,False,False,False,False,122
515,1,5,31,5,151,22,2,False,True,False,False,False,False,122
516,1,6,1,6,152,22,2,True,False,False,False,False,False,122
517,1,6,2,0,153,23,2,False,False,False,False,False,False,123
518,1,6,3,1,154,23,2,False,False,False,False,False,False,123
519,1,6,4,2,155,23,2,False,False,False,False,False,False,123
520,1,6,5,3,156,23,2,False,False,False,False,False,False,123
521,1,6,6,4,157,23,2,False,False,False,False,False,False,123
522,1,6,7,5,158,23,2,False,False,False,False,False,False,123
523,1,6,8,6,159,23,2,False,False,False,False,False,False,123
524,1,6,9,0,160,24,2,False,False,False,False,False,False,124
525,1,6,10,1,161,24,2,False,False,False,False,False,False,124
526,1,6,11,2,162,24,2,False,False,False,False,False,False,124
527,1,6,12,3,163,24,2,False,False,False,False,False,False,124
528,1,6,13,4,164,24,2,False,False,False,False,False,False,124
529,1,6,14,5,165,24,2,False,False,False,False,False,False,124
530,1,6,15,6,166,24,2,False,False,False,False,False,False,124
531,1,6,16,0,167,25,2,False,False,False,False,False,False,125
532,1,6,17,1,168,25,2,False,False,False,False,False,False,125
533,1,6,18,2,169,25,2,False,False,False,False,False,False,125
534,1,6,19,3,170,25,2,False,False,False,False,False,False,125
535,1,6,20,4,171,25,2,False,False,False,False,False,False,125
536,1,6,21,5,172,25,2,False,False,False,False,False,False,125
537,1,6,22,6,173,25,2,False,False,False,False,False,False,125
538,1,6,23,0,174,26,2,False,False,False,False,False,False,126
539,1,6,24,1,175,26,2,False,False,False,False,False,False,126
540,1,6,25,2,176,26,2,False,False,False,False,False,False,126
541,1,6,26,3,177,26,2,False,False,False,False,False,False,126
542,1,6,27,4,178,26,2,False,False,False,False,False,False,126
543,1,6,28,5,179,26,2,False,False,False,False,False,False,126
544,1,6,29,6,180,26,2,False,False,False,False,False,False,126
545,1,6,30,0,181,27,2,False,True,False,True,False,False,127
546,1,7,1,1,182,27,3,True,False,True,False,False,False,127
547,1,7,2,2,183,27,3,False,False,False,False,False,False,127
548,1,7,3,3,184,27,3,False,False,False,False,False,False,127
549,1,7,4,4,185,27,3,False,False,False,False,False,False,127
550,1,7,5,5,186,27,3,False,False,False,False,False,False,127
551,1,7,6,6,187,27,3,False,False,False,False,False,False,127
552,1,7,7,0,188,28,3,False,False,False,False,False,False,128
553,1,7,8,1,189,28,3,False,False,False,False,False,False,128
554,1,7,9,2,190,28,3,False,False,False,False,False,False,128
555,1,7,10,3,191,28,3,False,False,False,False,False,False,128
556,1,7,11,4,192,28,3,False,False,False,False,False,False,128
557,1,7,12,5,193,28,3,False,False,False,False,False,False,128
558,1,7,13,6,194,28,3,False,False,False,False,False,False,128
559,1,7,14,0,195,29,3,False,False,False,False,False,False,129
560,1,7,15,1,196,29,3,False,False,False,False,False,False,129
561,1,7,16,2,197,29,3,False,False,False,False,False,False,129
562,1,7,17,3,198,29,3,False,False,False,False,False,False,129
563,1,7,18,4,199,29,3,False,False,False,False,False,False,129
564,1,7,19,5,200,29,3,False,False,False,False,False,False,129
565,1,7,20,6,201,29,3,False,False,False,False,False,False,129
566,1,7,21,0,202,30,3,False,False,False,False,False,False,130
567,1,7,22,1,203,30,3,False,False,False,False,False,False,130
568,1,7,23,2,204,30,3,False,False,False,False,False,False,130
569,1,7,24,3,205,30,3,False,False,False,False,False,False,130
570,1,7,25,4,206,30,3,False,False,False,False,False,False,130
571,1,7,26,5,207,30,3,False,False,False,False,False,False,130
572,1,7,27,6,208,30,3,False,False,False,False,False,False,130
573,1,7,28,0,209,31,3,False,False,False,False,False,False,131
574,1,7,29,1,210,31,3,False,False,False,False,False,False,131
575,1,7,30,2,211,31,3,False,False,False,False,False,False,131
576,1,7,31,3,212,31,3,False,True,False,False,False,False,131
577,1,8,1,4,213,31,3,True,False,False,False,False,False,131
578,1,8,2,5,214,31,3,False,False,False,False,False,False,131
579,1,8,3,6,215,31,3,False,False,False,False,False,False,131
580,1,8,4,0,216,32,3,False,False,False,False,False,False,132
581,1,8,5,1,217,32,3,False,False,False,False,False,False,132
582,1,8,6,2,218,32,3,False,False,False,False,False,False,132
583,1,8,7,3,219,32,3,False,False,False,False,False,False,132
584,1,8,8,4,220,32,3,False,False,False,False,False,False,132
585,1,8,9,5,221,32,3,False,False,False,False,False,False,132
586,1,8,10,6,222,32,3,False,False,False,False,False,False,132
587,1,8,11,0,223,33,3,False,False,False,False,False,False,133
588,1,8,12,1,224,33,3,False,False,False,False,False,False,133
589,1,8,13,2,225,33,3,False,False,False,False,False,False,133
590,1,8,14,3,226,33,3,False,False,False,False,False,False,133
591,1,8,15,4,227,33,3,False,False,False,False,False,False,133
592,1,8,16,5,228,33,3,False,False,False,False,False,False,133
593,1,8,17,6,229,33,3,False,False,False,False,False,False,133
594,1,8,18,0,230,34,3,False,False,False,False,False,False,134
595,1,8,19,1,231,34,3,False,False,False,False,False,False,134
596,1,8,20,2,232,34,3,False,False,False,False,False,False,134
597,1,8,21,3,233,34,3,False,False,False,False,False,False,134
598,1,8,22,4,234,34,3,False,False,False,False,False,False,134
599,1,8,23,5,235,34,3,False,False,False,False,False,False,134
600,1,8,24,6,236,34,3,False,False,False,False,False,False,134
601,1,8,25,0,237,35,3,False,False,False,False,False,False,135
602,1,8,26,1,238,35,3,False,False,False,False,False,False,135
603,1,8,27,2,239,35,3,False,False,False,False,False,False,135
604,1,8,28,3,240,35,3,False,False,False,False,False,False,135
605,1,8,29,4,241,35,3,False,False,False,False,False,False,135
606,1,8,30,5,242,35,3,False,False,False,False,False,False,135
607,1,8,31,6,243,35,3,False,True,False,False,False,False,135
608,1,9,1,0,244,36,3,True,False,False,False,False,False,136
609,1,9,2,1,245,36,3,False,False,False,False,False,False,136
610,1,9,3,2,246,36,3,False,False,False,False,False,False,136
611,1,9,4,3,247,36,3,False,False,False,False,False,False,136
612,1,9,5,4,248,36,3,False,False,False,False,False,False,136
613,1,9,6,5,249,36,3,False,False,False,False,False,False,136
614,1,9,7,6,250,36,3,False,False,False,False,False,False,136
615,1,9,8,0,251,37,3,False,False,False,False,False,False,137
616,1,9,9,1,252,37,3,False,False,False,False,False,False,137
617,1,9,10,2,253,37,3,False,False,False,False,False,False,137
618,1,9,11,3,254,37,3,False,False,False,False,False,False,137
619,1,9,12,4,255,37,3,False,False,False,False,False,False,137
620,1,9,13,5,256,37,3,False,False,False,False,False,False,137
621,1,9,14,6,257,37,3,False,False,False,False,False,False,137
622,1,9,15,0,258,38,3,False,False,False,False,False,False,138
623,1,9,16,1,259,38,3,False,False,False,False,False,False,138
624,1,9,17,2,260,38,3,False,False,False,False,False,False,138
625,1,9,18,3,261,38,3,False,False,False,False,False,False,138
626,1,9,19,4,262,38,3,False,False,False,False,False,False,138
627,1,9,20,5,263,38,3,False,False,False,False,False,False,138
628,1,9,21,6,264,38,3,False,False,False,False,False,False,138
629,1,9,22,0,265,39,3,False,False,False,False,False,False,139
630,1,9,23,1,266,39,3,False,False,False,False,False,False,139
631,1,9,24,2,267,39,3,False,False,False,False,False,False,139
632,1,9,25,3,268,39,3,False,False,False,False,False,False,139
633,1,9,26,4,269,39,3,False,False,False,False,False,False,139
634,1,9,27,5,270,39,3,False,False,False,False,False,False,139
635,1,9,28,6,271,39,3,False,False,False,False,False,False,139
636,1,9,29,0,272,40,3,False,False,False,False,False,False,140
637,1,9,30,1,273,40,3,False,True,False,True,False,False,140
638,1,10,1,2,274,40,4,True,False,True,False,False,False,140
639,1,10,2,3,275,40,4,False,False,False,False,False,False,140
640,1,10,3,4,276,40,4,False,False,False,False,False,False,140
641,1,10,4,5,277,40,4,False,False,False,False,False,False,140
642,1,10,5,6,278,40,4,False,False,False,False,False,False,140
643,1,10,6,0,279,41,4,False,False,False,False,False,False,141
644,1,10,7,1,280,41,4,False,False,False,False,False,False,141
645,1,10,8,2,281,41,4,False,False,False,False,False,False,141
646,1,10,9,3,282,41,4,False,False,False,False,False,False,141
647,1,10,10,4,283,41,4,False,False,False,False,False,False,141
648,1,10,11,5,284,41,4,False,False,False,False,False,False,141
649,1,10,12,6,285,41,4,False,False,False,False,False,False,141
650,1,10,13,0,286,42,4,False,False,False,False,False,False,142
651,1,10,14,1,287,42,4,False,False,False,False,False,False,142
652,1,10,15,2,288,42,4,False,False,False,False,False,False,142
653,1,10,16,3,289,42,4,False,False,False,False,False,False,142
654,1,10,17,4,290,42,4,False,False,False,False,False,False,142
655,1,10,18,5,291,42,4,False,False,False,False,False,False,142
656,1,10,19,6,292,42,4,False,False,False,False,False,False,142
657,1,10,20,0,293,43,4,False,False,False,False,False,False,143
658,1,10,21,1,294,43,4,False,False,False,False,False,False,143
659,1,10,22,2,295,43,4,False,False,False,False,False,False,143
660,1,10,23,3,296,43,4,False,False,False,False,False,False,143
661,1,10,24,4,297,43,4,False,False,False,False,False,False,143
662,1,10,25,5,298,43,4,False,False,False,False,False,False,143
663,1,10,26,6,299,43,4,False,False,False,False,False,False,143
664,1,10,27,0,300,44,4,False,False,False,False,False,False,144
665,1,10,28,1,301,44,4,False,False,False,False,False,False,144
666,1,10,29,2,302,44,4,False,False,False,False,False,False,144
667,1,10,30,3,303,44,4,False,False,False,False,False,False,144
668,1,10,31,4,304,44,4,False,True,False,False,False,False,144
669,1,11,1,5,305,44,4,True,False,False,False,False,False,144
670,1,11,2,6,306,44,4,False,False,False,False,False,False,144
671,1,11,3,0,307,45,4,False,False,False,False,False,False,145
672,1,11,4,1,308,45,4,False,False,False,False,False,False,145
673,1,11,5,2,309,45,4,False,False,False,False,False,False,145
674,1,11,6,3,310,45,4,False,False,False,False,False,False,145
675,1,11,7,4,311,45,4,False,False,False,False,False,False,145
676,1,11,8,5,312,45,4,False,False,False,False,False,False,145
677,1,11,9,6,313,45,4,False,False,False,False,False,False,145
678,1,11,10,0,314,46,4,False,False,False,False,False,False,146
679,1,11,11,1,315,46,4,False,False,False,False,False,False,146
680,1,11,12,2,316,46,4,False,False,False,False,False,False,146
681,1,11,13,3,317,46,4,False,False,False,False,False,False,146
682,1,11,14,4,318,46,4,False,False,False,False,False,False,146
683,1,11,15,5,319,46,4,False,False,False,False,False,False,146
684,1,11,16,6,320,46,4,False,False,False,False,False,False,146
685,1,11,17,0,321,47,4,False,False,False,False,False,False,147
686,1,11,18,1,322,47,4,False,False,False,False,False,False,147
687,1,11,19,2,323,47,4,False,False,False,False,False,False,147
688,1,11,20,3,324,47,4,False,False,False,False,False,False,147
689,1,11,21,4,325,47,4,False,False,False,False,False,False,147
690,1,11,22,5,326,47,4,False,False,False,False,False,False,147
691,1,11,23,6,327,47,4,False,False,False,False,False,False,147
692,1,11,24,0,328,48,4,False,False,False,False,False,False,148
693,1,11,25,1,329,48,4,False,False,False,False,False,False,148
694,1,11,26,2,330,48,4,False,False,False,False,False,False,148
695,1,11,27,3,331,48,4,False,False,False,False,False,False,148
696,1,11,28,4,332,48,4,False,False,False,False,False,False,148
697,1,11,29,5,333,48,4,False,False,False,False,False,False,148
698,1,11,30,6,334,48,4,False,True,False,False,False,False,148
699,1,12,1,0,335,49,4,True,False,False,False,False,False,149
700,1,12,2,1,336,49,4,False,False,False,False,False,False,149
701,1,12,3,2,337,49,4,False,False,False,False,False,False,149
702,1,12,4,3,338,49,4,False,False,False,False,False,False,149
703,1,12,5,4,339,49,4,False,False,False,False,False,False,149
704,1,12,6,5,340,49,4,False,False,False,False,False,False,149
705,1,12,7,6,341,49,4,False,False,False,False,False,False,149
706,1,12,8,0,342,50,4,False,False,False,False,False,False,150
707,1,12,9,1,343,50,4,False,False,False,False,False,False,150
708,1,12,10,2,344,50,4,False,False,False,False,False,False,150
709,1,12,11,3,345,50,4,False,False,False,False,False,False,150
710,1,12,12,4,346,50,4,False,False,False,False,False,False,150
711,1,12,13,5,347,50,4,False,False,False,False,False,False,150
712,1,12,14,6,348,50,4,False,False,False,False,False,False,150
713,1,12,15,0,349,51,4,False,False,False,False,False,False,151
714,1,12,16,1,350,51,4,False,False,False,False,False,False,151
715,1,12,17,2,351,51,4,False,False,False,False,False,False,151
716,1,12,18,3,352,51,4,False,False,False,False,False,False,151
717,1,12,19,4,353,51,4,False,False,False,False,False,False,151
718,1,12,20,5,354,51,4,False,False,False,False,False,False,151
719,1,12,21,6,355,51,4,False,False,False,False,False,False,151
720,1,12,22,0,356,52,4,False,False,False,False,False,False,152
721,1,12,23,1,357,52,4,False,False,False,False,False,False,152
722,1,12,24,2,358,52,4,False,False,False,False,False,False,152
723,1,12,26,4,360,52,4,False,False,False,False,False,False,152
724,1,12,27,5,361,52,4,False,False,False,False,False,False,152
725,1,12,28,6,362,52,4,False,False,False,False,False,False,152
726,1,12,29,0,363,1,4,False,False,False,False,False,False,101
727,1,12,30,1,364,1,4,False,False,False,False,False,False,101
728,1,12,31,2,365,1,4,False,True,False,True,False,True,101
729,2,1,1,3,1,1,1,True,False,True,False,True,False,201
730,2,1,2,4,2,1,1,False,False,False,False,False,False,201
731,2,1,3,5,3,1,1,False,False,False,False,False,False,201
732,2,1,4,6,4,1,1,False,False,False,False,False,False,201
733,2,1,5,0,5,2,1,False,False,False,False,False,False,202
734,2,1,6,1,6,2,1,False,False,False,False,False,False,202
735,2,1,7,2,7,2,1,False,False,False,False,False,False,202
736,2,1,8,3,8,2,1,False,False,False,False,False,False,202
737,2,1,9,4,9,2,1,False,False,False,False,False,False,202
738,2,1,10,5,10,2,1,False,False,False,False,False,False,202
739,2,1,11,6,11,2,1,False,False,False,False,False,False,202
740,2,1,12,0,12,3,1,False,False,False,False,False,False,203
741,2,1,13,1,13,3,1,False,False,False,False,False,False,203
742,2,1,14,2,14,3,1,False,False,False,False,False,False,203
743,2,1,15,3,15,3,1,False,False,False,False,False,False,203
744,2,1,16,4,16,3,1,False,False,False,False,False,False,203
745,2,1,17,5,17,3,1,False,False,False,False,False,False,203
746,2,1,18,6,18,3,1,False,False,False,False,False,False,203
747,2,1,19,0,19,4,1,False,False,False,False,False,False,204
748,2,1,20,1,20,4,1,False,False,False,False,False,False,204
749,2,1,21,2,21,4,1,False,False,False,False,False,False,204
750,2,1,22,3,22,4,1,False,False,False,False,False,False,204
751,2,1,23,4,23,4,1,False,False,False,False,False,False,204
752,2,1,24,5,24,4,1,False,False,False,False,False,False,204
753,2,1,25,6,25,4,1,False,False,False,False,False,False,204
754,2,1,26,0,26,5,1,False,False,False,False,False,False,205
755,2,1,27,1,27,5,1,False,False,False,False,False,False,205
756,2,1,28,2,28,5,1,False,False,False,False,False,False,205
757,2,1,29,3,29,5,1,False,False,False,False,False,False,205
758,2,1,30,4,30,5,1,False,False,False,False,False,False,205
759,2,1,31,5,31,5,1,False,True,False,False,False,False,205
760,2,2,1,6,32,5,1,True,False,False,False,False,False,205
761,2,2,2,0,33,6,1,False,False,False,False,False,False,206
762,2,2,3,1,34,6,1,False,False,False,False,False,False,206
763,2,2,4,2,35,6,1,False,False,False,False,False,False,206
764,2,2,5,3,36,6,1,False,False,False,False,False,False,206
765,2,2,6,4,37,6,1,False,False,False,False,False,False,206
766,2,2,7,5,38,6,1,False,False,False,False,False,False,206
767,2,2,8,6,39,6,1,False,False,False,False,False,False,206
768,2,2,9,0,40,7,1,False,False,False,False,False,False,207
769,2,2,10,1,41,7,1,False,False,False,False,False,False,207
770,2,2,11,2,42,7,1,False,False,False,False,False,False,207
771,2,2,12,3,43,7,1,False,False,False,False,False,False,207
772,2,2,13,4,44,7,1,False,False,False,False,False,False,207
773,2,2,14,5,45,7,1,False,False,False,False,False,False,207
774,2,2,15,6,46,7,1,False,False,False,False,False,False,207
775,2,2,16,0,47,8,1,False,False,False,False,False,False,208
776,2,2,17,1,48,8,1,False,False,False,False,False,False,208
777,2,2,18,2,49,8,1,False,False,False,False,False,False,208
778,2,2,19,3,50,8,1,False,False,False,False,False,False,208
779,2,2,20,4,51,8,1,False,False,False,False,False,False,208
780,2,2,21,5,52,8,1,False,False,False,False,False,False,208
781,2,2,22,6,53,8,1,False,False,False,False,False,False,208
782,2,2,23,0,54,9,1,False,False,False,False,False,False,209
783,2,2,24,1,55,9,1,False,False,False,False,False,False,209
784,2,2,25,2,56,9,1,False,False,False,False,False,False,209
785,2,2,26,3,57,9,1,False,False,False,False,False,False,209
786,2,2,27,4,58,9,1,False,False,False,False,False,False,209
787,2,2,28,5,59,9,1,False,True,False,False,False,False,209
788,2,3,1,6,60,9,1,True,False,False,False,False,False,209
789,2,3,2,0,61,10,1,False,False,False,False,False,False,210
790,2,3,3,1,62,10,1,False,False,False,False,False,False,210
791,2,3,4,2,63,10,1,False,False,False,False,False,False,210
792,2,3,5,3,64,10,1,False,False,False,False,False,False,210
793,2,3,6,4,65,10,1,False,False,False,False,False,False,210
794,2,3,7,5,66,10,1,False,False,False,False,False,False,210
795,2,3,8,6,67,10,1,False,False,False,False,False,False,210
796,2,3,9,0,68,11,1,False,False,False,False,False,False,211
797,2,3,10,1,69,11,1,False,False,False,False,False,False,211
798,2,3,11,2,70,11,1,False,False,False,False,False,False,211
799,2,3,12,3,71,11,1,False,False,False,False,False,False,211
800,2,3,13,4,72,11,1,False,False,False,False,False,False,211
801,2,3,14,5,73,11,1,False,False,False,False,False,False,211
802,2,3,15,6,74,11,1,False,False,False,False,False,False,211
803,2,3,16,0,75,12,1,False,False,False,False,False,False,212
804,2,3,17,1,76,12,1,False,False,False,False,False,False,212
805,2,3,18,2,77,12,1,False,False,False,False,False,False,212
806,2,3,19,3,78,12,1,False,False,False,False,False,False,212
807,2,3,20,4,79,12,1,False,False,False,False,False,False,212
808,2,3,21,5,80,12,1,False,False,False,False,False,False,212
809,2,3,22,6,81,12,1,False,False,False,False,False,False,212
810,2,3,23,0,82,13,1,False,False,False,False,False,False,213
811,2,3,24,1,83,13,1,False,False,False,False,False,False,213
812,2,3,25,2,84,13,1,False,False,False,False,False,False,213
813,2,3,26,3,85,13,1,False,False,False,False,False,False,213
814,2,3,27,4,86,13,1,False,False,False,False,False,False,213
815,2,3,28,5,87,13,1,False,False,False,False,False,False,213
816,2,3,29,6,88,13,1,False,False,False,False,False,False,213
817,2,3,30,0,89,14,1,False,False,False,False,False,False,214
818,2,3,31,1,90,14,1,False,True,False,True,False,False,214
819,2,4,1,2,91,14,2,True,False,True,False,False,False,214
820,2,4,2,3,92,14,2,False,False,False,False,False,False,214
821,2,4,3,4,93,14,2,False,False,False,False,False,False,214
822,2,4,4,5,94,14,2,False,False,False,False,False,False,214
823,2,4,5,6,95,14,2,False,False,False,False,False,False,214
824,2,4,6,0,96,15,2,False,False,False,False,False,False,215
825,2,4,7,1,97,15,2,False,False,False,False,False,False,215
826,2,4,8,2,98,15,2,False,False,False,False,False,False,215
827,2,4,9,3,99,15,2,False,False,False,False,False,False,215
828,2,4,10,4,100,15,2,False,False,False,False,False,False,215
829,2,4,11,5,101,15,2,False,False,False,False,False,False,215
830,2,4,12,6,102,15,2,False,False,False,False,False,False,215
831,2,4,13,0,103,16,2,False,False,False,False,False,False,216
832,2,4,14,1,104,16,2,False,False,False,False,False,False,216
833,2,4,15,2,105,16,2,False,False,False,False,False,False,216
834,2,4,16,3,106,16,2,False,False,False,False,False,False,216
835,2,4,17,4,107,16,2,False,False,False,False,False,False,216
836,2,4,18,5,108,16,2,False,False,False,False,False,False,216
837,2,4,19,6,109,16,2,False,False,False,False,False,False,216
838,2,4,20,0,110,17,2,False,False,False,False,False,False,217
839,2,4,21,1,111,17,2,False,False,False,False,False,False,217
840,2,4,22,2,112,17,2,False,False,False,False,False,False,217
841,2,4,23,3,113,17,2,False,False,False,False,False,False,217
842,2,4,24,4,114,17,2,False,False,False,False,False,False,217
843,2,4,25,5,115,17,2,False,False,False,False,False,False,217
844,2,4,26,6,116,17,2,False,False,False,False,False,False,217
845,2,4,27,0,117,18,2,False,False,False,False,False,False,218
846,2,4,28,1,118,18,2,False,False,False,False,False,False,218
847,2,4,29,2,119,18,2,False,False,False,False,False,False,218
848,2,4,30,3,120,18,2,False,True,False,False,False,False,218
849,2,5,1,4,121,18,2,True,False,False,False,False,False,218
850,2,5,2,5,122,18,2,False,False,False,False,False,False,218
851,2,5,3,6,123,18,2,False,False,False,False,False,False,218
852,2,5,4,0,124,19,2,False,False,False,False,False,False,219
853,2,5,5,1,125,19,2,False,False,False,False,False,False,219
854,2,5,6,2,126,19,2,False,False,False,False,False,False,219
855,2,5,7,3,127,19,2,False,False,False,False,False,False,219
856,2,5,8,4,128,19,2,False,False,False,False,False,False,219
857,2,5,9,5,129,19,2,False,False,False,False,False,False,219
858,2,5,10,6,130,19,2,False,False,False,False,False,False,219
859,2,5,11,0,131,20,2,False,False,False,False,False,False,220
860,2,5,12,1,132,20,2,False,False,False,False,False,False,220
861,2,5,13,2,133,20,2,False,False,False,False,False,False,220
862,2,5,14,3,134,20,2,False,False,False,False,False,False,220
863,2,5,15,4,135,20,2,False,False,False,False,False,False,220
864,2,5,16,5,136,20,2,False,False,False,False,False,False,220
865,2,5,17,6,137,20,2,False,False,False,False,False,False,220
866,2,5,18,0,138,21,2,False,False,False,False,False,False,221
867,2,5,19,1,139,21,2,False,False,False,False,False,False,221
868,2,5,20,2,140,21,2,False,False,False,False,False,False,221
869,2,5,21,3,141,21,2,False,False,False,False,False,False,221
870,2,5,22,4,142,21,2,False,False,False,False,False,False,221
871,2,5,23,5,143,21,2,False,False,False,False,False,False,221
872,2,5,24,6,144,21,2,False,False,False,False,False,False,221
873,2,5,25,0,145,22,2,False,False,False,False,False,False,222
874,2,5,26,1,146,22,2,False,False,False,False,False,False,222
875,2,5,27,2,147,22,2,False,False,False,False,False,False,222
876,2,5,28,3,148,22,2,False,False,False,False,False,False,222
877,2,5,29,4,149,22,2,False,False,False,False,False,False,222
878,2,5,30,5,150,22,2,False,False,False,False,False,False,222
879,2,5,31,6,151,22,2,False,True,False,False,False,False,222
880,2,6,1,0,152,23,2,True,False,False,False,False,False,223
881,2,6,2,1,153,23,2,False,False,False,False,False,False,223
882,2,6,3,2,154,23,2,False,False,False,False,False,False,223
883,2,6,4,3,155,23,2,False,False,False,False,False,False,223
884,2,6,5,4,156,23,2,False,False,False,False,False,False,223
885,2,6,6,5,157,23,2,False,False,False,False,False,False,223
886,2,6,7,6,158,23,2,False,False,False,False,False,False,223
887,2,6,8,0,159,24,2,False,False,False,False,False,False,224
888,2,6,9,1,160,24,2,False,False,False,False,False,False,224
889,2,6,10,2,161,24,2,False,False,False,False,False,False,224
890,2,6,11,3,162,24,2,False,False,False,False,False,False,224
891,2,6,12,4,163,24,2,False,False,False,False,False,False,224
892,2,6,13,5,164,24,2,False,False,False,False,False,False,224
893,2,6,14,6,165,24,2,False,False,False,False,False,False,224
894,2,6,15,0,166,25,2,False,False,False,False,False,False,225
895,2,6,16,1,167,25,2,False,False,False,False,False,False,225
896,2,6,17,2,168,25,2,False,False,False,False,False,False,225
897,2,6,18,3,169,25,2,False,False,False,False,False,False,225
898,2,6,19,4,170,25,2,False,False,False,False,False,False,225
899,2,6,20,5,171,25,2,False,False,False,False,False,False,225
900,2,6,21,6,172,25,2,False,False,False,False,False,False,225
901,2,6,22,0,173,26,2,False,False,False,False,False,False,226
902,2,6,23,1,174,26,2,False,False,False,False,False,False,226
903,2,6,24,2,175,26,2,False,False,False,False,False,False,226
904,2,6,25,3,176,26,2,False,False,False,False,False,False,226
905,2,6,26,4,177,26,2,False,False,False,False,False,False,226
906,2,6,27,5,178,26,2,False,False,False,False,False,False,226
907,2,6,28,6,179,26,2,False,False,False,False,False,False,226
908,2,6,29,0,180,27,2,False,False,False,False,False,False,227
909,2,6,30,1,181,27,2,False,True,False,True,False,False,227
910,2,7,1,2,182,27,3,True,False,True,False,False,False,227
911,2,7,2,3,183,27,3,False,False,False,False,False,False,227
912,2,7,3,4,184,27,3,False,False,False,False,False,False,227
913,2,7,4,5,185,27,3,False,False,False,False,False,False,227
914,2,7,5,6,186,27,3,False,False,False,False,False,False,227
915,2,7,6,0,187,28,3,False,False,False,False,False,False,228
916,2,7,7,1,188,28,3,False,False,False,False,False,False,228
917,2,7,8,2,189,28,3,False,False,False,False,False,False,228
918,2,7,9,3,190,28,3,False,False,False,False,False,False,228
919,2,7,10,4,191,28,3,False,False,False,False,False,False,228
920,2,7,11,5,192,28,3,False,False,False,False,False,False,228
921,2,7,12,6,193,28,3,False,False,False,False,False,False,228
922,2,7,13,0,194,29,3,False,False,False,False,False,False,229
923,2,7,14,1,195,29,3,False,False,False,False,False,False,229
924,2,7,15,2,196,29,3,False,False,False,False,False,False,229
925,2,7,16,3,197,29,3,False,False,False,False,False,False,229
926,2,7,17,4,198,29,3,False,False,False,False,False,False,229
927,2,7,18,5,199,29,3,False,False,False,False,False,False,229
928,2,7,19,6,200,29,3,False,False,False,False,False,False,229
929,2,7,20,0,201,30,3,False,False,False,False,False,False,230
930,2,7,21,1,202,30,3,False,False,False,False,False,False,230
931,2,7,22,2,203,30,3,False,False,False,False,False,False,230
932,2,7,23,3,204,30,3,False,False,False,False,False,False,230
933,2,7,24,4,205,30,3,False,False,False,False,False,False,230
934,2,7,25,5,206,30,3,False,False,False,False,False,False,230
935,2,7,26,6,207,30,3,False,False,False,False,False,False,230
936,2,7,27,0,208,31,3,False,False,False,False,False,False,231
937,2,7,28,1,209,31,3,False,False,False,False,False,False,231
938,2,7,29,2,210,31,3,False,False,False,False,False,False,231
939,2,7,30,3,211,31,3,False,False,False,False,False,False,231
940,2,7,31,4,212,31,3,False,True,False,False,False,False,231
941,2,8,1,5,213,31,3,True,False,False,False,False,False,231
942,2,8,2,6,214,31,3,False,False,False,False,False,False,231
943,2,8,3,0,215,32,3,False,False,False,False,False,False,232
944,2,8,4,1,216,32,3,False,False,False,False,False,False,232
945,2,8,5,2,217,32,3,False,False,False,False,False,False,232
946,2,8,6,3,218,32,3,False,False,False,False,False,False,232
947,2,8,7,4,219,32,3,False,False,False,False,False,False,232
948,2,8,8,5,220,32,3,False,False,False,False,False,False,232
949,2,8,9,6,221,32,3,False,False,False,False,False,False,232
950,2,8,10,0,222,33,3,False,False,False,False,False,False,233
951,2,8,11,1,223,33,3,False,False,False,False,False,False,233
952,2,8,12,2,224,33,3,False,False,False,False,False,False,233
953,2,8,13,3,225,33,3,False,False,False,False,False,False,233
954,2,8,14,4,226,33,3,False,False,False,False,False,False,233
955,2,8,15,5,227,33,3,False,False,False,False,False,False,233
956,2,8,16,6,228,33,3,False,False,False,False,False,False,233
957,2,8,17,0,229,34,3,False,False,False,False,False,False,234
958,2,8,18,1,230,34,3,False,False,False,False,False,False,234
959,2,8,19,2,231,34,3,False,False,False,False,False,False,234
960,2,8,20,3,232,34,3,False,False,False,False,False,False,234
961,2,8,21,4,233,34,3,False,False,False,False,False,False,234
962,2,8,22,5,234,34,3,False,False,False,False,False,False,234
963,2,8,23,6,235,34,3,False,False,False,False,False,False,234
964,2,8,24,0,236,35,3,False,False,False,False,False,False,235
965,2,8,25,1,237,35,3,False,False,False,False,False,False,235
966,2,8,26,2,238,35,3,False,False,False,False,False,False,235
967,2,8,27,3,239,35,3,False,False,False,False,False,False,235
968,2,8,28,4,240,35,3,False,False,False,False,False,False,235
969,2,8,29,5,241,35,3,False,False,False,False,False,False,235
970,2,8,30,6,242,35,3,False,False,False,False,False,False,235
971,2,8,31,0,243,36,3,False,True,False,False,False,False,236
972,2,9,1,1,244,36,3,True,False,False,False,False,False,236
973,2,9,2,2,245,36,3,False,False,False,False,False,False,236
974,2,9,3,3,246,36,3,False,False,False,False,False,False,236
975,2,9,4,4,247,36,3,False,False,False,False,False,False,236
976,2,9,5,5,248,36,3,False,False,False,False,False,False,236
977,2,9,6,6,249,36,3,False,False,False,False,False,False,236
978,2,9,7,0,250,37,3,False,False,False,False,False,False,237
979,2,9,8,1,251,37,3,False,False,False,False,False,False,237
980,2,9,9,2,252,37,3,False,False,False,False,False,False,237
981,2,9,10,3,253,37,3,False,False,False,False,False,False,237
982,2,9,11,4,254,37,3,False,False,False,False,False,False,237
983,2,9,12,5,255,37,3,False,False,False,False,False,False,237
984,2,9,13,6,256,37,3,False,False,False,False,False,False,237
985,2,9,14,0,257,38,3,False,False,False,False,False,False,238
986,2,9,15,1,258,38,3,False,False,False,False,False,False,238
987,2,9,16,2,259,38,3,False,False,False,False,False,False,238
988,2,9,17,3,260,38,3,False,False,False,False,False,False,238
989,2,9,18,4,261,38,3,False,False,False,False,False,False,238
990,2,9,19,5,262,38,3,False,False,False,False,False,False,238
991,2,9,20,6,263,38,3,False,False,False,False,False,False,238
992,2,9,21,0,264,39,3,False,False,False,False,False,False,239
993,2,9,22,1,265,39,3,False,False,False,False,False,False,239
994,2,9,23,2,266,39,3,False,False,False,False,False,False,239
995,2,9,24,3,267,39,3,False,False,False,False,False,False,239
996,2,9,25,4,268,39,3,False,False,False,False,False,False,239
997,2,9,26,5,269,39,3,False,False,False,False,False,False,239
998,2,9,27,6,270,39,3,False,False,False,False,False,False,239
999,2,9,28,0,271,40,3,False,False,False,False,False,False,240
1000,2,9,29,1,272,40,3,False,False,False,False,False,False,240
1001,2,9,30,2,273,40,3,False,True,False,True,False,False,240
1002,2,10,1,3,274,40,4,True,False,True,False,False,False,240
1003,2,10,2,4,275,40,4,False,False,False,False,False,False,240
1004,2,10,3,5,276,40,4,False,False,False,False,False,False,240
1005,2,10,4,6,277,40,4,False,False,False,False,False,False,240
1006,2,10,5,0,278,41,4,False,False,False,False,False,False,241
1007,2,10,6,1,279,41,4,False,False,False,False,False,False,241
1008,2,10,7,2,280,41,4,False,False,False,False,False,False,241
1009,2,10,8,3,281,41,4,False,False,False,False,False,False,241
1010,2,10,9,4,282,41,4,False,False,False,False,False,False,241
1011,2,10,10,5,283,41,4,False,False,False,False,False,False,241
1012,2,10,11,6,284,41,4,False,False,False,False,False,False,241
1013,2,10,12,0,285,42,4,False,False,False,False,False,False,242
1014,2,10,13,1,286,42,4,False,False,False,False,False,False,242
1015,2,10,14,2,287,42,4,False,False,False,False,False,False,242
1016,2,10,15,3,288,42,4,False,False,False,False,False,False,242
1017,2,10,16,4,289,42,4,False,False,False,False,False,False,242
1018,2,10,17,5,290,42,4,False,False,False,False,False,False,242
1019,2,10,18,6,291,42,4,False,False,False,False,False,False,242
1020,2,10,19,0,292,43,4,False,False,False,False,False,False,243
1021,2,10,20,1,293,43,4,False,False,False,False,False,False,243
1022,2,10,21,2,294,43,4,False,False,False,False,False,False,243
1023,2,10,22,3,295,43,4,False,False,False,False,False,False,243
1024,2,10,23,4,296,43,4,False,False,False,False,False,False,243
1025,2,10,24,5,297,43,4,False,False,False,False,False,False,243
1026,2,10,25,6,298,43,4,False,False,False,False,False,False,243
1027,2,10,26,0,299,44,4,False,False,False,False,False,False,244
1028,2,10,27,1,300,44,4,False,False,False,False,False,False,244
1029,2,10,28,2,301,44,4,False,False,False,False,False,False,244
1030,2,10,29,3,302,44,4,False,False,False,False,False,False,244
1031,2,10,30,4,303,44,4,False,False,False,False,False,False,244
1032,2,10,31,5,304,44,4,False,True,False,False,False,False,244
1033,2,11,1,6,305,44,4,True,False,False,False,False,False,244
1034,2,11,2,0,306,45,4,False,False,False,False,False,False,245
1035,2,11,3,1,307,45,4,False,False,False,False,False,False,245
1036,2,11,4,2,308,45,4,False,False,False,False,False,False,245
1037,2,11,5,3,309,45,4,False,False,False,False,False,False,245
1038,2,11,6,4,310,45,4,False,False,False,False,False,False,245
1039,2,11,7,5,311,45,4,False,False,False,False,False,False,245
1040,2,11,8,6,312,45,4,False,False,False,False,False,False,245
1041,2,11,9,0,313,46,4,False,False,False,False,False,False,246
1042,2,11,10,1,314,46,4,False,False,False,False,False,False,246
1043,2,11,11,2,315,46,4,False,False,False,False,False,False,246
1044,2,11,12,3,316,46,4,False,False,False,False,False,False,246
1045,2,11,13,4,317,46,4,False,False,False,False,False,False,246
1046,2,11,14,5,318,46,4,False,False,False,False,False,False,246
1047,2,11,15,6,319,46,4,False,False,False,False,False,False,246
1048,2,11,16,0,320,47,4,False,False,False,False,False,False,247
1049,2,11,17,1,321,47,4,False,False,False,False,False,False,247
1050,2,11,18,2,322,47,4,False,False,False,False,False,False,247
1051,2,11,19,3,323,47,4,False,False,False,False,False,False,247
1052,2,11,20,4,324,47,4,False,False,False,False,False,False,247
1053,2,11,21,5,325,47,4,False,False,False,False,False,False,247
1054,2,11,22,6,326,47,4,False,False,False,False,False,False,247
1055,2,11,23,0,327,48,4,False,False,False,False,False,False,248
1056,2,11,24,1,328,48,4,False,False,False,False,False,False,248
1057,2,11,25,2,329,48,4,False,False,False,False,False,False,248
1058,2,11,26,3,330,48,4,False,False,False,False,False,False,248
1059,2,11,27,4,331,48,4,False,False,False,False,False,False,248
1060,2,11,28,5,332,48,4,False,False,False,False,False,False,248
1061,2,11,29,6,333,48,4,False,False,False,False,False,False,248
1062,2,11,30,0,334,49,4,False,True,False,False,False,False,249
1063,2,12,1,1,335,49,4,True,False,False,False,False,False,249
1064,2,12,2,2,336,49,4,False,False,False,False,False,False,249
1065,2,12,3,3,337,49,4,False,False,False,False,False,False,249
1066,2,12,4,4,338,49,4,False,False,False,False,False,False,249
1067,2,12,5,5,339,49,4,False,False,False,False,False,False,249
1068,2,12,6,6,340,49,4,False,False,False,False,False,False,249
1069,2,12,7,0,341,50,4,False,False,False,False,False,False,250
1070,2,12,8,1,342,50,4,False,False,False,False,False,False,250
1071,2,12,9,2,343,50,4,False,False,False,False,False,False,250
1072,2,12,10,3,344,50,4,False,False,False,False,False,False,250
1073,2,12,11,4,345,50,4,False,False,False,False,False,False,250
1074,2,12,12,5,346,50,4,False,False,False,False,False,False,250
1075,2,12,13,6,347,50,4,False,False,False,False,False,False,250
1076,2,12,14,0,348,51,4,False,False,False,False,False,False,251
1077,2,12,15,1,349,51,4,False,False,False,False,False,False,251
1078,2,12,16,2,350,51,4,False,False,False,False,False,False,251
1079,2,12,17,3,351,51,4,False,False,False,False,False,False,251
1080,2,12,18,4,352,51,4,False,False,False,False,False,False,251
1081,2,12,19,5,353,51,4,False,False,False,False,False,False,251
1082,2,12,20,6,354,51,4,False,False,False,False,False,False,251
1083,2,12,21,0,355,52,4,False,False,False,False,False,False,252
1084,2,12,22,1,356,52,4,False,False,False,False,False,False,252
1085,2,12,23,2,357,52,4,False,False,False,False,False,False,252
1086,2,12,24,3,358,52,4,False,False,False,False,False,False,252
1087,2,12,26,5,360,52,4,False,False,False,False,False,False,252
1088,2,12,27,6,361,52,4,False,False,False,False,False,False,252
1089,2,12,28,0,362,53,4,False,False,False,False,False,False,253
1090,2,12,29,1,363,53,4,False,False,False,False,False,False,253
1091,2,12,30,2,364,53,4,False,False,False,False,False,False,253
1092,2,12,31,3,365,53,4,False,True,False,True,False,True,253
1093,3,1,1,4,1,53,1,True,False,True,False,True,False,253
1094,3,1,2,5,2,53,1,False,False,False,False,False,False,253
1095,3,1,3,6,3,53,1,False,False,False,False,False,False,253
1096,3,1,4,0,4,1,1,False,False,False,False,False,False,301
1097,3,1,5,1,5,1,1,False,False,False,False,False,False,301
1098,3,1,6,2,6,1,1,False,False,False,False,False,False,301
1099,3,1,7,3,7,1,1,False,False,False,False,False,False,301
1100,3,1,8,4,8,1,1,False,False,False,False,False,False,301
1101,3,1,9,5,9,1,1,False,False,False,False,False,False,301
1102,3,1,10,6,10,1,1,False,False,False,False,False,False,301
1103,3,1,11,0,11,2,1,False,False,False,False,False,False,302
1104,3,1,12,1,12,2,1,False,False,False,False,False,False,302
1105,3,1,13,2,13,2,1,False,False,False,False,False,False,302
1106,3,1,14,3,14,2,1,False,False,False,False,False,False,302
1107,3,1,15,4,15,2,1,False,False,False,False,False,False,302
1108,3,1,16,5,16,2,1,False,False,False,False,False,False,302
1109,3,1,17,6,17,2,1,False,False,False,False,False,False,302
1110,3,1,18,0,18,3,1,False,False,False,False,False,False,303
1111,3,1,19,1,19,3,1,False,False,False,False,False,False,303
1112,3,1,20,2,20,3,1,False,False,False,False,False,False,303
1113,3,1,21,3,21,3,1,False,False,False,False,False,False,303
1114,3,1,22,4,22,3,1,False,False,False,False,False,False,303
1115,3,1,23,5,23,3,1,False,False,False,False,False,False,303
1116,3,1,24,6,24,3,1,False,False,False,False,False,False,303
1117,3,1,25,0,25,4,1,False,False,False,False,False,False,304
1118,3,1,26,1,26,4,1,False,False,False,False,False,False,304
1119,3,1,27,2,27,4,1,False,False,False,False,False,False,304
1120,3,1,28,3,28,4,1,False,False,False,False,False,False,304
1121,3,1,29,4,29,4,1,False,False,False,False,False,False,304
1122,3,1,30,5,30,4,1,False,False,False,False,False,False,304
1123,3,1,31,6,31,4,1,False,True,False,False,False,False,304
1124,3,2,1,0,32,5,1,True,False,False,False,False,False,305
1125,3,2,2,1,33,5,1,False,False,False,False,False,False,305
1126,3,2,3,2,34,5,1,False,False,False,False,False,False,305
1127,3,2,4,3,35,5,1,False,False,False,False,False,False,305
1128,3,2,5,4,36,5,1,False,False,False,False,False,False,305
1129,3,2,6,5,37,5,1,False,False,False,False,False,False,305
1130,3,2,7,6,38,5,1,False,False,False,False,False,False,305
1131,3,2,8,0,39,6,1,False,False,False,False,False,False,306
1132,3,2,9,1,40,6,1,False,False,False,False,False,False,306
1133,3,2,10,2,41,6,1,False,False,False,False,False,False,306
1134,3,2,11,3,42,6,1,False,False,False,False,False,False,306
1135,3,2,12,4,43,6,1,False,False,False,False,False,False,306
1136,3,2,13,5,44,6,1,False,False,False,False,False,False,306
1137,3,2,14,6,45,6,1,False,False,False,False,False,False,306
1138,3,2,15,0,46,7,1,False,False,False,False,False,False,307
1139,3,2,16,1,47,7,1,False,False,False,False,False,False,307
1140,3,2,17,2,48,7,1,False,False,False,False,False,False,307
1141,3,2,18,3,49,7,1,False,False,False,False,False,False,307
1142,3,2,19,4,50,7,1,False,False,False,False,False,False,307
1143,3,2,20,5,51,7,1,False,False,False,False,False,False,307
1144,3,2,21,6,52,7,1,False,False,False,False,False,False,307
1145,3,2,22,0,53,8,1,False,False,False,False,False,False,308
1146,3,2,23,1,54,8,1,False,False,False,False,False,False,308
1147,3,2,24,2,55,8,1,False,False,False,False,False,False,308
1148,3,2,25,3,56,8,1,False,False,False,False,False,False,308
1149,3,2,26,4,57,8,1,False,False,False,False,False,False,308
1150,3,2,27,5,58,8,1,False,False,False,False,False,False,308
1151,3,2,28,6,59,8,1,False,False,False,False,False,False,308
1152,3,2,29,0,60,9,1,False,True,False,False,False,False,309
1153,3,3,1,1,61,9,1,True,False,False,False,False,False,309
1154,3,3,2,2,62,9,1,False,False,False,False,False,False,309
1155,3,3,3,3,63,9,1,False,False,False,False,False,False,309
1156,3,3,4,4,64,9,1,False,False,False,False,False,False,309
1157,3,3,5,5,65,9,1,False,False,False,False,False,False,309
1158,3,3,6,6,66,9,1,False,False,False,False,False,False,309
1159,3,3,7,0,67,10,1,False,False,False,False,False,False,310
1160,3,3,8,1,68,10,1,False,False,False,False,False,False,310
1161,3,3,9,2,69,10,1,False,False,False,False,False,False,310
1162,3,3,10,3,70,10,1,False,False,False,False,False,False,310
1163,3,3,11,4,71,10,1,False,False,False,False,False,False,310
1164,3,3,12,5,72,10,1,False,False,False,False,False,False,310
1165,3,3,13,6,73,10,1,False,False,False,False,False,False,310
1166,3,3,14,0,74,11,1,False,False,False,False,False,False,311
1167,3,3,15,1,75,11,1,False,False,False,False,False,False,311
1168,3,3,16,2,76,11,1,False,False,False,False,False,False,311
1169,3,3,17,3,77,11,1,False,False,False,False,False,False,311
1170,3,3,18,4,78,11,1,False,False,False,False,False,False,311
1171,3,3,19,5,79,11,1,False,False,False,False,False,False,311
1172,3,3,20,6,80,11,1,False,False,False,False,False,False,311
1173,3,3,21,0,81,12,1,False,False,False,False,False,False,312
1174,3,3,22,1,82,12,1,False,False,False,False,False,False,312
1175,3,3,23,2,83,12,1,False,False,False,False,False,False,312
1176,3,3,24,3,84,12,1,False,False,False,False,False,False,312
1177,3,3,25,4,85,12,1,False,False,False,False,False,False,312
1178,3,3,26,5,86,12,1,False,False,False,False,False,False,312
1179,3,3,27,6,87,12,1,False,False,False,False,False,False,312
1180,3,3,28,0,88,13,1,False,False,False,False,False,False,313
1181,3,3,29,1,89,13,1,False,False,False,False,False,False,313
1182,3,3,30,2,90,13,1,False,False,False,False,False,False,313
1183,3,3,31,3,91,13,1,False,True,False,True,False,False,313
1184,3,4,1,4,92,13,2,True,False,True,False,False,False,313
1185,3,4,2,5,93,13,2,False,False,False,False,False,False,313
1186,3,4,3,6,94,13,2,False,False,False,False,False,False,313
1187,3,4,4,0,95,14,2,False,False,False,False,False,False,314
1188,3,4,5,1,96,14,2,False,False,False,False,False,False,314
1189,3,4,6,2,97,14,2,False,False,False,False,False,False,314
1190,3,4,7,3,98,14,2,False,False,False,False,False,False,314
1191,3,4,8,4,99,14,2,False,False,False,False,False,False,314
1192,3,4,9,5,100,14,2,False,False,False,False,False,False,314
1193,3,4,10,6,101,14,2,False,False,False,False,False,False,314
1194,3,4,11,0,102,15,2,False,False,False,False,False,False,315
1195,3,4,12,1,103,15,2,False,False,False,False,False,False,315
1196,3,4,13,2,104,15,2,False,False,False,False,False,False,315
1197,3,4,14,3,105,15,2,False,False,False,False,False,False,315
1198,3,4,15,4,106,15,2,False,False,False,False,False,False,315
1199,3,4,16,5,107,15,2,False,False,False,False,False,False,315
1200,3,4,17,6,108,15,2,False,False,False,False,False,False,315
1201,3,4,18,0,109,16,2,False,False,False,False,False,False,316
1202,3,4,19,1,110,16,2,False,False,False,False,False,False,316
1203,3,4,20,2,111,16,2,False,False,False,False,False,False,316
1204,3,4,21,3,112,16,2,False,False,False,False,False,False,316
1205,3,4,22,4,113,16,2,False,False,False,False,False,False,316
1206,3,4,23,5,114,16,2,False,False,False,False,False,False,316
1207,3,4,24,6,115,16,2,False,False,False,False,False,False,316
1208,3,4,25,0,116,17,2,False,False,False,False,False,False,317
1209,3,4,26,1,117,17,2,False,False,False,False,False,False,317
1210,3,4,27,2,118,17,2,False,False,False,False,False,False,317
1211,3,4,28,3,119,17,2,False,False,False,False,False,False,317
1212,3,4,29,4,120,17,2,False,False,False,False,False,False,317
1213,3,4,30,5,121,17,2,False,True,False,False,False,False,317
1214,3,5,1,6,122,17,2,True,False,False,False,False,False,317
1215,3,5,2,0,123,18,2,False,False,False,False,False,False,318
1216,3,5,3,1,124,18,2,False,False,False,False,False,False,318
1217,3,5,4,2,125,18,2,False,False,False,False,False,False,318
1218,3,5,5,3,126,18,2,False,False,False,False,False,False,318
1219,3,5,6,4,127,18,2,False,False,False,False,False,False,318
1220,3,5,7,5,128,18,2,False,False,False,False,False,False,318
1221,3,5,8,6,129,18,2,False,False,False,False,False,False,318
1222,3,5,9,0,130,19,2,False,False,False,False,False,False,319
1223,3,5,10,1,131,19,2,False,False,False,False,False,False,319
1224,3,5,11,2,132,19,2,False,False,False,False,False,False,319
1225,3,5,12,3,133,19,2,False,False,False,False,False,False,319
1226,3,5,13,4,134,19,2,False,False,False,False,False,False,319
1227,3,5,14,5,135,19,2,False,False,False,False,False,False,319
1228,3,5,15,6,136,19,2,False,False,False,False,False,False,319
1229,3,5,16,0,137,20,2,False,False,False,False,False,False,320
1230,3,5,17,1,138,20,2,False,False,False,False,False,False,320
1231,3,5,18,2,139,20,2,False,False,False,False,False,False,320
1232,3,5,19,3,140,20,2,False,False,False,False,False,False,320
1233,3,5,20,4,141,20,2,False,False,False,False,False,False,320
1234,3,5,21,5,142,20,2,False,False,False,False,False,False,320
1235,3,5,22,6,143,20,2,False,False,False,False,False,False,320
1236,3,5,23,0,144,21,2,False,False,False,False,False,False,321
1237,3,5,24,1,145,21,2,False,False,False,False,False,False,321
1238,3,5,25,2,146,21,2,False,False,False,False,False,False,321
1239,3,5,26,3,147,21,2,False,False,False,False,False,False,321
1240,3,5,27,4,148,21,2,False,False,False,False,False,False,321
1241,3,5,28,5,149,21,2,False,False,False,False,False,False,321
1242,3,5,29,6,150,21,2,False,False,False,False,False,False,321
1243,3,5,30,0,151,22,2,False,False,False,False,False,False,322
1244,3,5,31,1,152,22,2,False,True,False,False,False,False,322
1245,3,6,1,2,153,22,2,True,False,False,False,False,False,322
1246,3,6,2,3,154,22,2,False,False,False,False,False,False,322
1247,3,6,3,4,155,22,2,False,False,False,False,False,False,322
1248,3,6,4,5,156,22,2,False,False,False,False,False,False,322
1249,3,6,5,6,157,22,2,False,False,False,False,False,False,322
1250,3,6,6,0,158,23,2,False,False,False,False,False,False,323
1251,3,6,7,1,159,23,2,False,False,False,False,False,False,323
1252,3,6,8,2,160,23,2,False,False,False,False,False,False,323
1253,3,6,9,3,161,23,2,False,False,False,False,False,False,323
1254,3,6,10,4,162,23,2,False,False,False,False,False,False,323
1255,3,6,11,5,163,23,2,False,False,False,False,False,False,323
1256,3,6,12,6,164,23,2,False,False,False,False,False,False,323
1257,3,6,13,0,165,24,2,False,False,False,False,False,False,324
1258,3,6,14,1,166,24,2,False,False,False,False,False,False,324
1259,3,6,15,2,167,24,2,False,False,False,False,False,False,324
1260,3,6,16,3,168,24,2,False,False,False,False,False,False,324
1261,3,6,17,4,169,24,2,False,False,False,False,False,False,324
1262,3,6,18,5,170,24,2,False,False,False,False,False,False,324
1263,3,6,19,6,171,24,2,False,False,False,False,False,False,324
1264,3,6,20,0,172,25,2,False,False,False,False,False,False,325
1265,3,6,21,1,173,25,2,False,False,False,False,False,False,325
1266,3,6,22,2,174,25,2,False,False,False,False,False,False,325
1267,3,6,23,3,175,25,2,False,False,False,False,False,False,325
1268,3,6,24,4,176,25,2,False,False,False,False,False,False,325
1269,3,6,25,5,177,25,2,False,False,False,False,False,False,325
1270,3,6,26,6,178,25,2,False,False,False,False,False,False,325
1271,3,6,27,0,179,26,2,False,False,False,False,False,False,326
1272,3,6,28,1,180,26,2,False,False,False,False,False,False,326
1273,3,6,29,2,181,26,2,False,False,False,False,False,False,326
1274,3,6,30,3,182,26,2,False,True,False,True,False,False,326
1275,3,7,1,4,183,26,3,True,False,True,False,False,False,326
1276,3,7,2,5,184,26,3,False,False,False,False,False,False,326
1277,3,7,3,6,185,26,3,False,False,False,False,False,False,326
1278,3,7,4,0,186,27,3,False,False,False,False,False,False,327
1279,3,7,5,1,187,27,3,False,False,False,False,False,False,327
1280,3,7,6,2,188,27,3,False,False,False,False,False,False,327
1281,3,7,7,3,189,27,3,False,False,False,False,False,False,327
1282,3,7,8,4,190,27,3,False,False,False,False,False,False,327
1283,3,7,9,5,191,27,3,False,False,False,False,False,False,327
1284,3,7,10,6,192,27,3,False,False,False,False,False,False,327
1285,3,7,11,0,193,28,3,False,False,False,False,False,False,328
1286,3,7,12,1,194,28,3,False,False,False,False,False,False,328
1287,3,7,13,2,195,28,3,False,False,False,False,False,False,328
1288,3,7,14,3,196,28,3,False,False,False,False,False,False,328
1289,3,7,15,4,197,28,3,False,False,False,False,False,False,328
1290,3,7,16,5,198,28,3,False,False,False,False,False,False,328
1291,3,7,17,6,199,28,3,False,False,False,False,False,False,328
1292,3,7,18,0,200,29,3,False,False,False,False,False,False,329
1293,3,7,19,1,201,29,3,False,False,False,False,False,False,329
1294,3,7,20,2,202,29,3,False,False,False,False,False,False,329
1295,3,7,21,3,203,29,3,False,False,False,False,False,False,329
1296,3,7,22,4,204,29,3,False,False,False,False,False,False,329
1297,3,7,23,5,205,29,3,False,False,False,False,False,False,329
1298,3,7,24,6,206,29,3,False,False,False,False,False,False,329
1299,3,7,25,0,207,30,3,False,False,False,False,False,False,330
1300,3,7,26,1,208,30,3,False,False,False,False,False,False,330
1301,3,7,27,2,209,30,3,False,False,False,False,False,False,330
1302,3,7,28,3,210,30,3,False,False,False,False,False,False,330
1303,3,7,29,4,211,30,3,False,False,False,False,False,False,330
1304,3,7,30,5,212,30,3,False,False,False,False,False,False,330
1305,3,7,31,6,213,30,3,False,True,False,False,False,False,330
1306,3,8,1,0,214,31,3,True,False,False,False,False,False,331
1307,3,8,2,1,215,31,3,False,False,False,False,False,False,331
1308,3,8,3,2,216,31,3,False,False,False,False,False,False,331
1309,3,8,4,3,217,31,3,False,False,False,False,False,False,331
1310,3,8,5,4,218,31,3,False,False,False,False,False,False,331
1311,3,8,6,5,219,31,3,False,False,False,False,False,False,331
1312,3,8,7,6,220,31,3,False,False,False,False,False,False,331
1313,3,8,8,0,221,32,3,False,False,False,False,False,False,332
1314,3,8,9,1,222,32,3,False,False,False,False,False,False,332
1315,3,8,10,2,223,32,3,False,False,False,False,False,False,332
1316,3,8,11,3,224,32,3,False,False,False,False,False,False,332
1317,3,8,12,4,225,32,3,False,False,False,False,False,False,332
1318,3,8,13,5,226,32,3,False,False,False,False,False,False,332
1319,3,8,14,6,227,32,3,False,False,False,False,False,False,332
1320,3,8,15,0,228,33,3,False,False,False,False,False,False,333
1321,3,8,16,1,229,33,3,False,False,False,False,False,False,333
1322,3,8,17,2,230,33,3,False,False,False,False,False,False,333
1323,3,8,18,3,231,33,3,False,False,False,False,False,False,333
1324,3,8,19,4,232,33,3,False,False,False,False,False,False,333
1325,3,8,20,5,233,33,3,False,False,False,False,False,False,333
1326,3,8,21,6,234,33,3,False,False,False,False,False,False,333
1327,3,8,22,0,235,34,3,False,False,False,False,False,False,334
1328,3,8,23,1,236,34,3,False,False,False,False,False,False,334
1329,3,8,24,2,237,34,3,False,False,False,False,False,False,334
1330,3,8,25,3,238,34,3,False,False,False,False,False,False,334
1331,3,8,26,4,239,34,3,False,False,False,False,False,False,334
1332,3,8,27,5,240,34,3,False,False,False,False,False,False,334
1333,3,8,28,6,241,34,3,False,False,False,False,False,False,334
1334,3,8,29,0,242,35,3,False,False,False,False,False,False,335
1335,3,8,30,1,243,35,3,False,False,False,False,False,False,335
1336,3,8,31,2,244,35,3,False,True,False,False,False,False,335
1337,3,9,1,3,245,35,3,True,False,False,False,False,False,335
1338,3,9,2,4,246,35,3,False,False,False,False,False,False,335
1339,3,9,3,5,247,35,3,False,False,False,False,False,False,335
1340,3,9,4,6,248,35,3,False,False,False,False,False,False,335
1341,3,9,5,0,249,36,3,False,False,False,False,False,False,336
1342,3,9,6,1,250,36,3,False,False,False,False,False,False,336
1343,3,9,7,2,251,36,3,False,False,False,False,False,False,336
1344,3,9,8,3,252,36,3,False,False,False,False,False,False,336
1345,3,9,9,4,253,36,3,False,False,False,False,False,False,336
1346,3,9,10,5,254,36,3,False,False,False,False,False,False,336
1347,3,9,11,6,255,36,3,False,False,False,False,False,False,336
1348,3,9,12,0,256,37,3,False,False,False,False,False,False,337
1349,3,9,13,1,257,37,3,False,False,False,False,False,False,337
1350,3,9,14,2,258,37,3,False,False,False,False,False,False,337
1351,3,9,15,3,259,37,3,False,False,False,False,False,False,337
1352,3,9,16,4,260,37,3,False,False,False,False,False,False,337
1353,3,9,17,5,261,37,3,False,False,False,False,False,False,337
1354,3,9,18,6,262,37,3,False,False,False,False,False,False,337
1355,3,9,19,0,263,38,3,False,False,False,False,False,False,338
1356,3,9,20,1,264,38,3,False,False,False,False,False,False,338
1357,3,9,21,2,265,38,3,False,False,False,False,False,False,338
1358,3,9,22,3,266,38,3,False,False,False,False,False,False,338
1359,3,9,23,4,267,38,3,False,False,False,False,False,False,338
1360,3,9,24,5,268,38,3,False,False,False,False,False,False,338
1361,3,9,25,6,269,38,3,False,False,False,False,False,False,338
1362,3,9,26,0,270,39,3,False,False,False,False,False,False,339
1363,3,9,27,1,271,39,3,False,False,False,False,False,False,339
1364,3,9,28,2,272,39,3,False,False,False,False,False,False,339
1365,3,9,29,3,273,39,3,False,False,False,False,False,False,339
1366,3,9,30,4,274,39,3,False,True,False,True,False,False,339
1367,3,10,1,5,275,39,4,True,False,True,False,False,False,339
1368,3,10,2,6,276,39,4,False,False,False,False,False,False,339
1369,3,10,3,0,277,40,4,False,False,False,False,False,False,340
1370,3,10,4,1,278,40,4,False,False,False,False,False,False,340
1371,3,10,5,2,279,40,4,False,False,False,False,False,False,340
1372,3,10,6,3,280,40,4,False,False,False,False,False,False,340
1373,3,10,7,4,281,40,4,False,False,False,False,False,False,340
1374,3,10,8,5,282,40,4,False,False,False,False,False,False,340
1375,3,10,9,6,283,40,4,False,False,False,False,False,False,340
1376,3,10,10,0,284,41,4,False,False,False,False,False,False,341
1377,3,10,11,1,285,41,4,False,False,False,False,False,False,341
1378,3,10,12,2,286,41,4,False,False,False,False,False,False,341
1379,3,10,13,3,287,41,4,False,False,False,False,False,False,341
1380,3,10,14,4,288,41,4,False,False,False,False,False,False,341
1381,3,10,15,5,289,41,4,False,False,False,False,False,False,341
1382,3,10,16,6,290,41,4,False,False,False,False,False,False,341
1383,3,10,17,0,291,42,4,False,False,False,False,False,False,342
1384,3,10,18,1,292,42,4,False,False,False,False,False,False,342
1385,3,10,19,2,293,42,4,False,False,False,False,False,False,342
1386,3,10,20,3,294,42,4,False,False,False,False,False,False,342
1387,3,10,21,4,295,42,4,False,False,False,False,False,False,342
1388,3,10,22,5,296,42,4,False,False,False,False,False,False,342
1389,3,10,23,6,297,42,4,False,False,False,False,False,False,342
1390,3,10,24,0,298,43,4,False,False,False,False,False,False,343
1391,3,10,25,1,299,43,4,False,False,False,False,False,False,343
1392,3,10,26,2,300,43,4,False,False,False,False,False,False,343
1393,3,10,27,3,301,43,4,False,False,False,False,False,False,343
1394,3,10,28,4,302,43,4,False,False,False,False,False,False,343
1395,3,10,29,5,303,43,4,False,False,False,False,False,False,343
1396,3,10,30,6,304,43,4,False,False,False,False,False,False,343
1397,3,10,31,0,305,44,4,False,True,False,False,False,False,344
1398,3,11,1,1,306,44,4,True,False,False,False,False,False,344
1399,3,11,2,2,307,44,4,False,False,False,False,False,False,344
1400,3,11,3,3,308,44,4,False,False,False,False,False,False,344
1401,3,11,4,4,309,44,4,False,False,False,False,False,False,344
1402,3,11,5,5,310,44,4,False,False,False,False,False,False,344
1403,3,11,6,6,311,44,4,False,False,False,False,False,False,344
1404,3,11,7,0,312,45,4,False,False,False,False,False,False,345
1405,3,11,8,1,313,45,4,False,False,False,False,False,False,345
1406,3,11,9,2,314,45,4,False,False,False,False,False,False,345
1407,3,11,10,3,315,45,4,False,False,False,False,False,False,345
1408,3,11,11,4,316,45,4,False,False,False,False,False,False,345
1409,3,11,12,5,317,45,4,False,False,False,False,False,False,345
1410,3,11,13,6,318,45,4,False,False,False,False,False,False,345
1411,3,11,14,0,319,46,4,False,False,False,False,False,False,346
1412,3,11,15,1,320,46,4,False,False,False,False,False,False,346
1413,3,11,16,2,321,46,4,False,False,False,False,False,False,346
1414,3,11,17,3,322,46,4,False,False,False,False,False,False,346
1415,3,11,18,4,323,46,4,False,False,False,False,False,False,346
1416,3,11,19,5,324,46,4,False,False,False,False,False,False,346
1417,3,11,20,6,325,46,4,False,False,False,False,False,False,346
1418,3,11,21,0,326,47,4,False,False,False,False,False,False,347
1419,3,11,22,1,327,47,4,False,False,False,False,False,False,347
1420,3,11,23,2,328,47,4,False,False,False,False,False,False,347
1421,3,11,24,3,329,47,4,False,False,False,False,False,False,347
1422,3,11,25,4,330,47,4,False,False,False,False,False,False,347
1423,3,11,26,5,331,47,4,False,False,False,False,False,False,347
1424,3,11,27,6,332,47,4,False,False,False,False,False,False,347
1425,3,11,28,0,333,48,4,False,False,False,False,False,False,348
1426,3,11,29,1,334,48,4,False,False,False,False,False,False,348
1427,3,11,30,2,335,48,4,False,True,False,False,False,False,348
1428,3,12,1,3,336,48,4,True,False,False,False,False,False,348
1429,3,12,2,4,337,48,4,False,False,False,False,False,False,348
1430,3,12,3,5,338,48,4,False,False,False,False,False,False,348
1431,3,12,4,6,339,48,4,False,False,False,False,False,False,348
1432,3,12,5,0,340,49,4,False,False,False,False,False,False,349
1433,3,12,6,1,341,49,4,False,False,False,False,False,False,349
1434,3,12,7,2,342,49,4,False,False,False,False,False,False,349
1435,3,12,8,3,343,49,4,False,False,False,False,False,False,349
1436,3,12,9,4,344,49,4,False,False,False,False,False,False,349
1437,3,12,10,5,345,49,4,False,False,False,False,False,False,349
1438,3,12,11,6,346,49,4,False,False,False,False,False,False,349
1439,3,12,12,0,347,50,4,False,False,False,False,False,False,350
1440,3,12,13,1,348,50,4,False,False,False,False,False,False,350
1441,3,12,14,2,349,50,4,False,False,False,False,False,False,350
1442,3,12,15,3,350,50,4,False,False,False,False,False,False,350
1443,3,12,16,4,351,50,4,False,False,False,False,False,False,350
1444,3,12,17,5,352,50,4,False,False,False,False,False,False,350
1445,3,12,18,6,353,50,4,False,False,False,False,False,False,350
1446,3,12,19,0,354,51,4,False,False,False,False,False,False,351
1447,3,12,20,1,355,51,4,False,False,False,False,False,False,351
1448,3,12,21,2,356,51,4,False,False,False,False,False,False,351
1449,3,12,22,3,357,51,4,False,False,False,False,False,False,351
1450,3,12,23,4,358,51,4,False,False,False,False,False,False,351
1451,3,12,24,5,359,51,4,False,False,False,False,False,False,351
1452,3,12,26,0,361,52,4,False,False,False,False,False,False,352
1453,3,12,27,1,362,52,4,False,False,False,False,False,False,352
1454,3,12,28,2,363,52,4,False,False,False,False,False,False,352
1455,3,12,29,3,364,52,4,False,False,False,False,False,False,352
1456,3,12,30,4,365,52,4,False,False,False,False,False,False,352
1457,3,12,31,5,366,52,4,False,True,False,True,False,True,352
1458,4,1,1,6,1,52,1,True,False,True,False,True,False,352
1459,4,1,2,0,2,1,1,False,False,False,False,False,False,401
1460,4,1,3,1,3,1,1,False,False,False,False,False,False,401
1461,4,1,4,2,4,1,1,False,False,False,False,False,False,401
1462,4,1,5,3,5,1,1,False,False,False,False,False,False,401
1463,4,1,6,4,6,1,1,False,False,False,False,False,False,401
1464,4,1,7,5,7,1,1,False,False,False,False,False,False,401
1465,4,1,8,6,8,1,1,False,False,False,False,False,False,401
1466,4,1,9,0,9,2,1,False,False,False,False,False,False,402
1467,4,1,10,1,10,2,1,False,False,False,False,False,False,402
1468,4,1,11,2,11,2,1,False,False,False,False,False,False,402
1469,4,1,12,3,12,2,1,False,False,False,False,False,False,402
1470,4,1,13,4,13,2,1,False,False,False,False,False,False,402
1471,4,1,14,5,14,2,1,False,False,False,False,False,False,402
1472,4,1,15,6,15,2,1,False,False,False,False,False,False,402
1473,4,1,16,0,16,3,1,False,False,False,False,False,False,403
1474,4,1,17,1,17,3,1,False,False,False,False,False,False,403
1475,4,1,18,2,18,3,1,False,False,False,False,False,False,403
1476,4,1,19,3,19,3,1,False,False,False,False,False,False,403
1477,4,1,20,4,20,3,1,False,False,False,False,False,False,403
1478,4,1,21,5,21,3,1,False,False,False,False,False,False,403
1479,4,1,22,6,22,3,1,False,False,False,False,False,False,403
1480,4,1,23,0,23,4,1,False,False,False,False,False,False,404
1481,4,1,24,1,24,4,1,False,False,False,False,False,False,404
1482,4,1,25,2,25,4,1,False,False,False,False,False,False,404
1483,4,1,26,3,26,4,1,False,False,False,False,False,False,404
1484,4,1,27,4,27,4,1,False,False,False,False,False,False,404
1485,4,1,28,5,28,4,1,False,False,False,False,False,False,404
1486,4,1,29,6,29,4,1,False,False,False,False,False,False,404
1487,4,1,30,0,30,5,1,False,False,False,False,False,False,405
1488,4,1,31,1,31,5,1,False,True,False,False,False,False,405
1489,4,2,1,2,32,5,1,True,False,False,False,False,False,405
1490,4,2,2,3,33,5,1,False,False,False,False,False,False,405
1491,4,2,3,4,34,5,1,False,False,False,False,False,False,405
1492,4,2,4,5,35,5,1,False,False,False,False,False,False,405
1493,4,2,5,6,36,5,1,False,False,False,False,False,False,405
1494,4,2,6,0,37,6,1,False,False,False,False,False,False,406
1495,4,2,7,1,38,6,1,False,False,False,False,False,False,406
1496,4,2,8,2,39,6,1,False,False,False,False,False,False,406
1497,4,2,9,3,40,6,1,False,False,False,False,False,False,406
1498,4,2,10,4,41,6,1,False,False,False,False,False,False,406
1499,4,2,11,5,42,6,1,False,False,False,False,False,False,406
1500,4,2,12,6,43,6,1,False,False,False,False,False,False,406
1501,4,2,13,0,44,7,1,False,False,False,False,False,False,407
1502,4,2,14,1,45,7,1,False,False,False,False,False,False,407
1503,4,2,15,2,46,7,1,False,False,False,False,False,False,407
1504,4,2,16,3,47,7,1,False,False,False,False,False,False,407
1505,4,2,17,4,48,7,1,False,False,False,False,False,False,407
1506,4,2,18,5,49,7,1,False,False,False,False,False,False,407
1507,4,2,19,6,50,7,1,False,False,False,False,False,False,407
1508,4,2,20,0,51,8,1,False,False,False,False,False,False,408
1509,4,2,21,1,52,8,1,False,False,False,False,False,False,408
1510,4,2,22,2,53,8,1,False,False,False,False,False,False,408
1511,4,2,23,3,54,8,1,False,False,False,False,False,False,408
1512,4,2,24,4,55,8,1,False,False,False,False,False,False,408
1513,4,2,25,5,56,8,1,False,False,False,False,False,False,408
1514,4,2,26,6,57,8,1,False,False,False,False,False,False,408
1515,4,2,27,0,58,9,1,False,False,False,False,False,False,409
1516,4,2,28,1,59,9,1,False,True,False,False,False,False,409
1517,4,3,1,2,60,9,1,True,False,False,False,False,False,409
1518,4,3,2,3,61,9,1,False,False,False,False,False,False,409
1519,4,3,3,4,62,9,1,False,False,False,False,False,False,409
1520,4,3,4,5,63,9,1,False,False,False,False,False,False,409
1521,4,3,5,6,64,9,1,False,False,False,False,False,False,409
1522,4,3,6,0,65,10,1,False,False,False,False,False,False,410
1523,4,3,7,1,66,10,1,False,False,False,False,False,False,410
1524,4,3,8,2,67,10,1,False,False,False,False,False,False,410
1525,4,3,9,3,68,10,1,False,False,False,False,False,False,410
1526,4,3,10,4,69,10,1,False,False,False,False,False,False,410
1527,4,3,11,5,70,10,1,False,False,False,False,False,False,410
1528,4,3,12,6,71,10,1,False,False,False,False,False,False,410
1529,4,3,13,0,72,11,1,False,False,False,False,False,False,411
1530,4,3,14,1,73,11,1,False,False,False,False,False,False,411
1531,4,3,15,2,74,11,1,False,False,False,False,False,False,411
1532,4,3,16,3,75,11,1,False,False,False,False,False,False,411
1533,4,3,17,4,76,11,1,False,False,False,False,False,False,411
1534,4,3,18,5,77,11,1,False,False,False,False,False,False,411
1535,4,3,19,6,78,11,1,False,False,False,False,False,False,411
1536,4,3,20,0,79,12,1,False,False,False,False,False,False,412
1537,4,3,21,1,80,12,1,False,False,False,False,False,False,412
1538,4,3,22,2,81,12,1,False,False,False,False,False,False,412
1539,4,3,23,3,82,12,1,False,False,False,False,False,False,412
1540,4,3,24,4,83,12,1,False,False,False,False,False,False,412
1541,4,3,25,5,84,12,1,False,False,False,False,False,False,412
1542,4,3,26,6,85,12,1,False,False,False,False,False,False,412
1543,4,3,27,0,86,13,1,False,False,False,False,False,False,413
1544,4,3,28,1,87,13,1,False,False,False,False,False,False,413
1545,4,3,29,2,88,13,1,False,False,False,False,False,False,413
1546,4,3,30,3,89,13,1,False,False,False,False,False,False,413
1547,4,3,31,4,90,13,1,False,True,False,True,False,False,413
1548,4,4,1,5,91,13,2,True,False,True,False,False,False,413
1549,4,4,2,6,92,13,2,False,False,False,False,False,False,413
1550,4,4,3,0,93,14,2,False,False,False,False,False,False,414
1551,4,4,4,1,94,14,2,False,False,False,False,False,False,414
1552,4,4,5,2,95,14,2,False,False,False,False,False,False,414
1553,4,4,6,3,96,14,2,False,False,False,False,False,False,414
1554,4,4,7,4,97,14,2,False,False,False,False,False,False,414
1555,4,4,8,5,98,14,2,False,False,False,False,False,False,414
1556,4,4,9,6,99,14,2,False,False,False,False,False,False,414
1557,4,4,10,0,100,15,2,False,False,False,False,False,False,415
1558,4,4,11,1,101,15,2,False,False,False,False,False,False,415
1559,4,4,12,2,102,15,2,False,False,False,False,False,False,415
1560,4,4,13,3,103,15,2,False,False,False,False,False,False,415
1561,4,4,14,4,104,15,2,False,False,False,False,False,False,415
1562,4,4,15,5,105,15,2,False,False,False,False,False,False,415
1563,4,4,16,6,106,15,2,False,False,False,False,False,False,415
1564,4,4,17,0,107,16,2,False,False,False,False,False,False,416
1565,4,4,18,1,108,16,2,False,False,False,False,False,False,416
1566,4,4,19,2,109,16,2,False,False,False,False,False,False,416
1567,4,4,20,3,110,16,2,False,False,False,False,False,False,416
1568,4,4,21,4,111,16,2,False,False,False,False,False,False,416
1569,4,4,22,5,112,16,2,False,False,False,False,False,False,416
1570,4,4,23,6,113,16,2,False,False,False,False,False,False,416
1571,4,4,24,0,114,17,2,False,False,False,False,False,False,417
1572,4,4,25,1,115,17,2,False,False,False,False,False,False,417
1573,4,4,26,2,116,17,2,False,False,False,False,False,False,417
1574,4,4,27,3,117,17,2,False,False,False,False,False,False,417
1575,4,4,28,4,118,17,2,False,False,False,False,False,False,417
1576,4,4,29,5,119,17,2,False,False,False,False,False,False,417
1577,4,4,30,6,120,17,2,False,True,False,False,False,False,417
1578,4,5,1,0,121,18,2,True,False,False,False,False,False,418
1579,4,5,2,1,122,18,2,False,False,False,False,False,False,418
1580,4,5,3,2,123,18,2,False,False,False,False,False,False,418
1581,4,5,4,3,124,18,2,False,False,False,False,False,False,418
1582,4,5,5,4,125,18,2,False,False,False,False,False,False,418
1583,4,5,6,5,126,18,2,False,False,False,False,False,False,418
1584,4,5,7,6,127,18,2,False,False,False,False,False,False,418
1585,4,5,8,0,128,19,2,False,False,False,False,False,False,419
1586,4,5,9,1,129,19,2,False,False,False,False,False,False,419
1587,4,5,10,2,130,19,2,False,False,False,False,False,False,419
1588,4,5,11,3,131,19,2,False,False,False,False,False,False,419
1589,4,5,12,4,132,19,2,False,False,False,False,False,False,419
1590,4,5,13,5,133,19,2,False,False,False,False,False,False,419
1591,4,5,14,6,134,19,2,False,False,False,False,False,False,419
1592,4,5,15,0,135,20,2,False,False,False,False,False,False,420
1593,4,5,16,1,136,20,2,False,False,False,False,False,False,420
1594,4,5,17,2,137,20,2,False,False,False,False,False,False,420
1595,4,5,18,3,138,20,2,False,False,False,False,False,False,420
1596,4,5,19,4,139,20,2,False,False,False,False,False,False,420
1597,4,5,20,5,140,20,2,False,False,False,False,False,False,420
1598,4,5,21,6,141,20,2,False,False,False,False,False,False,420
1599,4,5,22,0,142,21,2,False,False,False,False,False,False,421
1600,4,5,23,1,143,21,2,False,False,False,False,False,False,421
1601,4,5,24,2,144,21,2,False,False,False,False,False,False,421
1602,4,5,25,3,145,21,2,False,False,False,False,False,False,421
1603,4,5,26,4,146,21,2,False,False,False,False,False,False,421
1604,4,5,27,5,147,21,2,False,False,False,False,False,False,421
1605,4,5,28,6,148,21,2,False,False,False,False,False,False,421
1606,4,5,29,0,149,22,2,False,False,False,False,False,False,422
1607,4,5,30,1,150,22,2,False,False,False,False,False,False,422
1608,4,5,31,2,151,22,2,False,True,False,False,False,False,422
1609,4,6,1,3,152,22,2,True,False,False,False,False,False,422
1610,4,6,2,4,153,22,2,False,False,False,False,False,False,422
1611,4,6,3,5,154,22,2,False,False,False,False,False,False,422
1612,4,6,4,6,155,22,2,False,False,False,False,False,False,422
1613,4,6,5,0,156,23,2,False,False,False,False,False,False,423
1614,4,6,6,1,157,23,2,False,False,False,False,False,False,423
1615,4,6,7,2,158,23,2,False,False,False,False,False,False,423
1616,4,6,8,3,159,23,2,False,False,False,False,False,False,423
1617,4,6,9,4,160,23,2,False,False,False,False,False,False,423
1618,4,6,10,5,161,23,2,False,False,False,False,False,False,423
1619,4,6,11,6,162,23,2,False,False,False,False,False,False,423
1620,4,6,12,0,163,24,2,False,False,False,False,False,False,424
1621,4,6,13,1,164,24,2,False,False,False,False,False,False,424
1622,4,6,14,2,165,24,2,False,False,False,False,False,False,424
1623,4,6,15,3,166,24,2,False,False,False,False,False,False,424
1624,4,6,16,4,167,24,2,False,False,False,False,False,False,424
1625,4,6,17,5,168,24,2,False,False,False,False,False,False,424
1626,4,6,18,6,169,24,2,False,False,False,False,False,False,424
1627,4,6,19,0,170,25,2,False,False,False,False,False,False,425
1628,4,6,20,1,171,25,2,False,False,False,False,False,False,425
1629,4,6,21,2,172,25,2,False,False,False,False,False,False,425
1630,4,6,22,3,173,25,2,False,False,False,False,False,False,425
1631,4,6,23,4,174,25,2,False,False,False,False,False,False,425
1632,4,6,24,5,175,25,2,False,False,False,False,False,False,425
1633,4,6,25,6,176,25,2,False,False,False,False,False,False,425
1634,4,6,26,0,177,26,2,False,False,False,False,False,False,426
1635,4,6,27,1,178,26,2,False,False,False,False,False,False,426
1636,4,6,28,2,179,26,2,False,False,False,False,False,False,426
1637,4,6,29,3,180,26,2,False,False,False,False,False,False,426
1638,4,6,30,4,181,26,2,False,True,False,True,False,False,426
1639,4,7,1,5,182,26,3,True,False,True,False,False,False,426
1640,4,7,2,6,183,26,3,False,False,False,False,False,False,426
1641,4,7,3,0,184,27,3,False,False,False,False,False,False,427
1642,4,7,4,1,185,27,3,False,False,False,False,False,False,427
1643,4,7,5,2,186,27,3,False,False,False,False,False,False,427
1644,4,7,6,3,187,27,3,False,False,False,False,False,False,427
1645,4,7,7,4,188,27,3,False,False,False,False,False,False,427
1646,4,7,8,5,189,27,3,False,False,False,False,False,False,427
1647,4,7,9,6,190,27,3,False,False,False,False,False,False,427
1648,4,7,10,0,191,28,3,False,False,False,False,False,False,428
1649,4,7,11,1,192,28,3,False,False,False,False,False,False,428
1650,4,7,12,2,193,28,3,False,False,False,False,False,False,428
1651,4,7,13,3,194,28,3,False,False,False,False,False,False,428
1652,4,7,14,4,195,28,3,False,False,False,False,False,False,428
1653,4,7,15,5,196,28,3,False,False,False,False,False,False,428
1654,4,7,16,6,197,28,3,False,False,False,False,False,False,428
1655,4,7,17,0,198,29,3,False,False,False,False,False,False,429
1656,4,7,18,1,199,29,3,False,False,False,False,False,False,429
1657,4,7,19,2,200,29,3,False,False,False,False,False,False,429
1658,4,7,20,3,201,29,3,False,False,False,False,False,False,429
1659,4,7,21,4,202,29,3,False,False,False,False,False,False,429
1660,4,7,22,5,203,29,3,False,False,False,False,False,False,429
1661,4,7,23,6,204,29,3,False,False,False,False,False,False,429
1662,4,7,24,0,205,30,3,False,False,False,False,False,False,430
1663,4,7,25,1,206,30,3,False,False,False,False,False,False,430
1664,4,7,26,2,207,30,3,False,False,False,False,False,False,430
1665,4,7,27,3,208,30,3,False,False,False,False,False,False,430
1666,4,7,28,4,209,30,3,False,False,False,False,False,False,430
1667,4,7,29,5,210,30,3,False,False,False,False,False,False,430
1668,4,7,30,6,211,30,3,False,False,False,False,False,False,430
1669,4,7,31,0,212,31,3,False,True,False,False,False,False,431
1670,4,8,1,1,213,31,3,True,False,False,False,False,False,431
1671,4,8,2,2,214,31,3,False,False,False,False,False,False,431
1672,4,8,3,3,215,31,3,False,False,False,False,False,False,431
1673,4,8,4,4,216,31,3,False,False,False,False,False,False,431
1674,4,8,5,5,217,31,3,False,False,False,False,False,False,431
1675,4,8,6,6,218,31,3,False,False,False,False,False,False,431
1676,4,8,7,0,219,32,3,False,False,False,False,False,False,432
1677,4,8,8,1,220,32,3,False,False,False,False,False,False,432
1678,4,8,9,2,221,32,3,False,False,False,False,False,False,432
1679,4,8,10,3,222,32,3,False,False,False,False,False,False,432
1680,4,8,11,4,223,32,3,False,False,False,False,False,False,432
1681,4,8,12,5,224,32,3,False,False,False,False,False,False,432
1682,4,8,13,6,225,32,3,False,False,False,False,False,False,432
1683,4,8,14,0,226,33,3,False,False,False,False,False,False,433
1684,4,8,15,1,227,33,3,False,False,False,False,False,False,433
